wall_time,ros_time_sec,camera,camera_topic,frame_id,image_file,class_name,confidence,left,top,right,bottom,center_x,center_y,width,height
2026-06-06_15-41-07-446421,1780753265.58623,left,/camera_left/image_raw,camera_left_optical_link,/home/rocket/gr4_ws/yolo_detection_logs/left_20260606_154105/images/left_frame_000001_2026-06-06_15-41-07-446421.jpg,,,,,,,,,,
2026-06-06_15-41-08-303056,1780753266.139986,left,/camera_left/image_raw,camera_left_optical_link,/home/rocket/gr4_ws/yolo_detection_logs/left_20260606_154105/images/left_frame_000002_2026-06-06_15-41-08-303056.jpg,,,,,,,,,,
2026-06-06_15-41-09-111839,1780753266.9036305,left,/camera_left/image_raw,camera_left_optical_link,/home/rocket/gr4_ws/yolo_detection_logs/left_20260606_154105/images/left_frame_000003_2026-06-06_15-41-09-111839.jpg,,,,,,,,,,
2026-06-06_15-41-10-061415,1780753267.8834488,left,/camera_left/image_raw,camera_left_optical_link,/home/rocket/gr4_ws/yolo_detection_logs/left_20260606_154105/images/left_frame_000004_2026-06-06_15-41-10-061415.jpg,,,,,,,,,,
2026-06-06_15-41-10-893439,1780753268.6333709,left,/camera_left/image_raw,camera_left_optical_link,/home/rocket/gr4_ws/yolo_detection_logs/left_20260606_154105/images/left_frame_000005_2026-06-06_15-41-10-893439.jpg,,,,,,,,,,
2026-06-06_15-41-11-814143,1780753269.6213539,left,/camera_left/image_raw,camera_left_optical_link,/home/rocket/gr4_ws/yolo_detection_logs/left_20260606_154105/images/left_frame_000006_2026-06-06_15-41-11-814143.jpg,,,,,,,,,,
2026-06-06_15-41-12-702488,1780753270.3484309,left,/camera_left/image_raw,camera_left_optical_link,/home/rocket/gr4_ws/yolo_detection_logs/left_20260606_154105/images/left_frame_000007_2026-06-06_15-41-12-702488.jpg,,,,,,,,,,
2026-06-06_15-41-13-603136,1780753271.3341486,left,/camera_left/image_raw,camera_left_optical_link,/home/rocket/gr4_ws/yolo_detection_logs/left_20260606_154105/images/left_frame_000008_2026-06-06_15-41-13-603136.jpg,,,,,,,,,,
2026-06-06_15-41-14-370021,1780753272.323038,left,/camera_left/image_raw,camera_left_optical_link,/home/rocket/gr4_ws/yolo_detection_logs/left_20260606_154105/images/left_frame_000009_2026-06-06_15-41-14-370021.jpg,,,,,,,,,,
2026-06-06_15-41-15-152928,1780753273.0462327,left,/camera_left/image_raw,camera_left_optical_link,/home/rocket/gr4_ws/yolo_detection_logs/left_20260606_154105/images/left_frame_000010_2026-06-06_15-41-15-152928.jpg,,,,,,,,,,
2026-06-06_15-41-16-028431,1780753273.7786536,left,/camera_left/image_raw,camera_left_optical_link,/home/rocket/gr4_ws/yolo_detection_logs/left_20260606_154105/images/left_frame_000011_2026-06-06_15-41-16-028431.jpg,,,,,,,,,,
2026-06-06_15-41-16-857591,1780753274.7690678,left,/camera_left/image_raw,camera_left_optical_link,/home/rocket/gr4_ws/yolo_detection_logs/left_20260606_154105/images/left_frame_000012_2026-06-06_15-41-16-857591.jpg,,,,,,,,,,
2026-06-06_15-41-17-833102,1780753275.5023997,left,/camera_left/image_raw,camera_left_optical_link,/home/rocket/gr4_ws/yolo_detection_logs/left_20260606_154105/images/left_frame_000013_2026-06-06_15-41-17-833102.jpg,,,,,,,,,,
2026-06-06_15-41-18-743079,1780753276.477486,left,/camera_left/image_raw,camera_left_optical_link,/home/rocket/gr4_ws/yolo_detection_logs/left_20260606_154105/images/left_frame_000014_2026-06-06_15-41-18-743079.jpg,,,,,,,,,,
2026-06-06_15-41-19-610475,1780753277.4344554,left,/camera_left/image_raw,camera_left_optical_link,/home/rocket/gr4_ws/yolo_detection_logs/left_20260606_154105/images/left_frame_000015_2026-06-06_15-41-19-610475.jpg,,,,,,,,,,
2026-06-06_15-41-20-451730,1780753278.403889,left,/camera_left/image_raw,camera_left_optical_link,/home/rocket/gr4_ws/yolo_detection_logs/left_20260606_154105/images/left_frame_000016_2026-06-06_15-41-20-451730.jpg,,,,,,,,,,
2026-06-06_15-41-21-349896,1780753279.1388698,left,/camera_left/image_raw,camera_left_optical_link,/home/rocket/gr4_ws/yolo_detection_logs/left_20260606_154105/images/left_frame_000017_2026-06-06_15-41-21-349896.jpg,laundry_trolley,0.20749489963054657,0,220,1280,720,640.0,470.0,1280,500
2026-06-06_15-41-22-225874,1780753280.1421711,left,/camera_left/image_raw,camera_left_optical_link,/home/rocket/gr4_ws/yolo_detection_logs/left_20260606_154105/images/left_frame_000018_2026-06-06_15-41-22-225874.jpg,laundry_trolley,0.18399104475975037,0,227,1280,720,640.0,473.5,1280,493
2026-06-06_15-41-23-034966,1780753280.8720057,left,/camera_left/image_raw,camera_left_optical_link,/home/rocket/gr4_ws/yolo_detection_logs/left_20260606_154105/images/left_frame_000019_2026-06-06_15-41-23-034966.jpg,,,,,,,,,,
2026-06-06_15-41-23-864248,1780753281.6262774,left,/camera_left/image_raw,camera_left_optical_link,/home/rocket/gr4_ws/yolo_detection_logs/left_20260606_154105/images/left_frame_000020_2026-06-06_15-41-23-864248.jpg,laundry_trolley,0.15979216992855072,0,251,1280,720,640.0,485.5,1280,469
2026-06-06_15-41-24-680207,1780753282.5976489,left,/camera_left/image_raw,camera_left_optical_link,/home/rocket/gr4_ws/yolo_detection_logs/left_20260606_154105/images/left_frame_000021_2026-06-06_15-41-24-680207.jpg,,,,,,,,,,
2026-06-06_15-41-25-589247,1780753283.3397849,left,/camera_left/image_raw,camera_left_optical_link,/home/rocket/gr4_ws/yolo_detection_logs/left_20260606_154105/images/left_frame_000022_2026-06-06_15-41-25-589247.jpg,,,,,,,,,,
2026-06-06_15-41-26-479632,1780753284.3055851,left,/camera_left/image_raw,camera_left_optical_link,/home/rocket/gr4_ws/yolo_detection_logs/left_20260606_154105/images/left_frame_000023_2026-06-06_15-41-26-479632.jpg,,,,,,,,,,
2026-06-06_15-41-27-345367,1780753285.0298305,left,/camera_left/image_raw,camera_left_optical_link,/home/rocket/gr4_ws/yolo_detection_logs/left_20260606_154105/images/left_frame_000024_2026-06-06_15-41-27-345367.jpg,,,,,,,,,,
2026-06-06_15-41-28-216789,1780753286.0252266,left,/camera_left/image_raw,camera_left_optical_link,/home/rocket/gr4_ws/yolo_detection_logs/left_20260606_154105/images/left_frame_000025_2026-06-06_15-41-28-216789.jpg,,,,,,,,,,
2026-06-06_15-41-29-083787,1780753286.7807589,left,/camera_left/image_raw,camera_left_optical_link,/home/rocket/gr4_ws/yolo_detection_logs/left_20260606_154105/images/left_frame_000026_2026-06-06_15-41-29-083787.jpg,,,,,,,,,,
2026-06-06_15-41-29-933379,1780753287.818185,left,/camera_left/image_raw,camera_left_optical_link,/home/rocket/gr4_ws/yolo_detection_logs/left_20260606_154105/images/left_frame_000027_2026-06-06_15-41-29-933379.jpg,,,,,,,,,,
2026-06-06_15-41-30-803373,1780753288.538118,left,/camera_left/image_raw,camera_left_optical_link,/home/rocket/gr4_ws/yolo_detection_logs/left_20260606_154105/images/left_frame_000028_2026-06-06_15-41-30-803373.jpg,,,,,,,,,,
2026-06-06_15-41-31-661591,1780753289.5477562,left,/camera_left/image_raw,camera_left_optical_link,/home/rocket/gr4_ws/yolo_detection_logs/left_20260606_154105/images/left_frame_000029_2026-06-06_15-41-31-661591.jpg,laundry_trolley,0.10589105635881424,0,216,1280,720,640.0,468.0,1280,504
2026-06-06_15-41-32-586227,1780753290.2738292,left,/camera_left/image_raw,camera_left_optical_link,/home/rocket/gr4_ws/yolo_detection_logs/left_20260606_154105/images/left_frame_000030_2026-06-06_15-41-32-586227.jpg,,,,,,,,,,
2026-06-06_15-41-33-458768,1780753291.2492807,left,/camera_left/image_raw,camera_left_optical_link,/home/rocket/gr4_ws/yolo_detection_logs/left_20260606_154105/images/left_frame_000031_2026-06-06_15-41-33-458768.jpg,,,,,,,,,,
2026-06-06_15-41-34-363227,1780753292.2115815,left,/camera_left/image_raw,camera_left_optical_link,/home/rocket/gr4_ws/yolo_detection_logs/left_20260606_154105/images/left_frame_000032_2026-06-06_15-41-34-363227.jpg,,,,,,,,,,
2026-06-06_15-41-35-201182,1780753292.9738657,left,/camera_left/image_raw,camera_left_optical_link,/home/rocket/gr4_ws/yolo_detection_logs/left_20260606_154105/images/left_frame_000033_2026-06-06_15-41-35-201182.jpg,,,,,,,,,,
2026-06-06_15-41-36-117588,1780753293.7309446,left,/camera_left/image_raw,camera_left_optical_link,/home/rocket/gr4_ws/yolo_detection_logs/left_20260606_154105/images/left_frame_000034_2026-06-06_15-41-36-117588.jpg,laundry_trolley,0.13821247220039368,0,95,1280,720,640.0,407.5,1280,625
2026-06-06_15-41-36-950529,1780753294.734152,left,/camera_left/image_raw,camera_left_optical_link,/home/rocket/gr4_ws/yolo_detection_logs/left_20260606_154105/images/left_frame_000035_2026-06-06_15-41-36-950529.jpg,laundry_trolley,0.11013569682836533,0,160,1280,720,640.0,440.0,1280,560
2026-06-06_15-41-37-883427,1780753295.5100932,left,/camera_left/image_raw,camera_left_optical_link,/home/rocket/gr4_ws/yolo_detection_logs/left_20260606_154105/images/left_frame_000036_2026-06-06_15-41-37-883427.jpg,laundry_trolley,0.12478327006101608,0,117,1280,720,640.0,418.5,1280,603
2026-06-06_15-41-38-760507,1780753296.4825683,left,/camera_left/image_raw,camera_left_optical_link,/home/rocket/gr4_ws/yolo_detection_logs/left_20260606_154105/images/left_frame_000037_2026-06-06_15-41-38-760507.jpg,laundry_trolley,0.12232314050197601,0,176,1280,720,640.0,448.0,1280,544
2026-06-06_15-41-39-539415,1780753297.4948468,left,/camera_left/image_raw,camera_left_optical_link,/home/rocket/gr4_ws/yolo_detection_logs/left_20260606_154105/images/left_frame_000038_2026-06-06_15-41-39-539415.jpg,laundry_trolley,0.11217532306909561,0,151,1280,720,640.0,435.5,1280,569
2026-06-06_15-41-40-354865,1780753298.2391481,left,/camera_left/image_raw,camera_left_optical_link,/home/rocket/gr4_ws/yolo_detection_logs/left_20260606_154105/images/left_frame_000039_2026-06-06_15-41-40-354865.jpg,,,,,,,,,,
2026-06-06_15-41-41-210798,1780753298.9822402,left,/camera_left/image_raw,camera_left_optical_link,/home/rocket/gr4_ws/yolo_detection_logs/left_20260606_154105/images/left_frame_000040_2026-06-06_15-41-41-210798.jpg,laundry_trolley,0.10708089917898178,0,118,1280,720,640.0,419.0,1280,602
2026-06-06_15-41-42-135872,1780753299.9473565,left,/camera_left/image_raw,camera_left_optical_link,/home/rocket/gr4_ws/yolo_detection_logs/left_20260606_154105/images/left_frame_000041_2026-06-06_15-41-42-135872.jpg,,,,,,,,,,
2026-06-06_15-41-43-487497,1780753300.6645372,left,/camera_left/image_raw,camera_left_optical_link,/home/rocket/gr4_ws/yolo_detection_logs/left_20260606_154105/images/left_frame_000042_2026-06-06_15-41-43-487497.jpg,,,,,,,,,,
2026-06-06_15-41-44-738864,1780753302.1798868,left,/camera_left/image_raw,camera_left_optical_link,/home/rocket/gr4_ws/yolo_detection_logs/left_20260606_154105/images/left_frame_000043_2026-06-06_15-41-44-738864.jpg,,,,,,,,,,
2026-06-06_15-41-45-720521,1780753303.2177076,left,/camera_left/image_raw,camera_left_optical_link,/home/rocket/gr4_ws/yolo_detection_logs/left_20260606_154105/images/left_frame_000044_2026-06-06_15-41-45-720521.jpg,,,,,,,,,,
2026-06-06_15-41-46-600920,1780753304.3060472,left,/camera_left/image_raw,camera_left_optical_link,/home/rocket/gr4_ws/yolo_detection_logs/left_20260606_154105/images/left_frame_000045_2026-06-06_15-41-46-600920.jpg,,,,,,,,,,
2026-06-06_15-41-47-410644,1780753305.295358,left,/camera_left/image_raw,camera_left_optical_link,/home/rocket/gr4_ws/yolo_detection_logs/left_20260606_154105/images/left_frame_000046_2026-06-06_15-41-47-410644.jpg,,,,,,,,,,
2026-06-06_15-41-48-219603,1780753306.0801182,left,/camera_left/image_raw,camera_left_optical_link,/home/rocket/gr4_ws/yolo_detection_logs/left_20260606_154105/images/left_frame_000047_2026-06-06_15-41-48-219603.jpg,,,,,,,,,,
2026-06-06_15-41-49-003535,1780753306.8610742,left,/camera_left/image_raw,camera_left_optical_link,/home/rocket/gr4_ws/yolo_detection_logs/left_20260606_154105/images/left_frame_000048_2026-06-06_15-41-49-003535.jpg,,,,,,,,,,
2026-06-06_15-41-49-986324,1780753307.6040514,left,/camera_left/image_raw,camera_left_optical_link,/home/rocket/gr4_ws/yolo_detection_logs/left_20260606_154105/images/left_frame_000049_2026-06-06_15-41-49-986324.jpg,laundry_trolley,0.12237551063299179,0,126,1280,720,640.0,423.0,1280,594
2026-06-06_15-41-50-831093,1780753308.5957077,left,/camera_left/image_raw,camera_left_optical_link,/home/rocket/gr4_ws/yolo_detection_logs/left_20260606_154105/images/left_frame_000050_2026-06-06_15-41-50-831093.jpg,,,,,,,,,,
2026-06-06_15-41-51-774356,1780753309.6166027,left,/camera_left/image_raw,camera_left_optical_link,/home/rocket/gr4_ws/yolo_detection_logs/left_20260606_154105/images/left_frame_000051_2026-06-06_15-41-51-774356.jpg,,,,,,,,,,
2026-06-06_15-41-52-588308,1780753310.3590384,left,/camera_left/image_raw,camera_left_optical_link,/home/rocket/gr4_ws/yolo_detection_logs/left_20260606_154105/images/left_frame_000052_2026-06-06_15-41-52-588308.jpg,laundry_trolley,0.11020664125680923,0,181,1280,720,640.0,450.5,1280,539
2026-06-06_15-41-53-536833,1780753311.1323853,left,/camera_left/image_raw,camera_left_optical_link,/home/rocket/gr4_ws/yolo_detection_logs/left_20260606_154105/images/left_frame_000053_2026-06-06_15-41-53-536833.jpg,,,,,,,,,,
2026-06-06_15-41-54-380518,1780753312.1335635,left,/camera_left/image_raw,camera_left_optical_link,/home/rocket/gr4_ws/yolo_detection_logs/left_20260606_154105/images/left_frame_000054_2026-06-06_15-41-54-380518.jpg,,,,,,,,,,
2026-06-06_15-41-55-179021,1780753313.150536,left,/camera_left/image_raw,camera_left_optical_link,/home/rocket/gr4_ws/yolo_detection_logs/left_20260606_154105/images/left_frame_000055_2026-06-06_15-41-55-179021.jpg,laundry_trolley,0.11817403882741928,0,131,1280,720,640.0,425.5,1280,589
2026-06-06_15-41-55-992872,1780753313.882278,left,/camera_left/image_raw,camera_left_optical_link,/home/rocket/gr4_ws/yolo_detection_logs/left_20260606_154105/images/left_frame_000056_2026-06-06_15-41-55-992872.jpg,,,,,,,,,,
2026-06-06_15-41-56-850194,1780753314.614749,left,/camera_left/image_raw,camera_left_optical_link,/home/rocket/gr4_ws/yolo_detection_logs/left_20260606_154105/images/left_frame_000057_2026-06-06_15-41-56-850194.jpg,,,,,,,,,,
2026-06-06_15-41-57-813167,1780753315.5740373,left,/camera_left/image_raw,camera_left_optical_link,/home/rocket/gr4_ws/yolo_detection_logs/left_20260606_154105/images/left_frame_000058_2026-06-06_15-41-57-813167.jpg,laundry_trolley,0.1328854262828827,0,144,1280,720,640.0,432.0,1280,576
2026-06-06_15-41-58-680568,1780753316.5334363,left,/camera_left/image_raw,camera_left_optical_link,/home/rocket/gr4_ws/yolo_detection_logs/left_20260606_154105/images/left_frame_000059_2026-06-06_15-41-58-680568.jpg,laundry_trolley,0.12303327023983002,0,116,1280,720,640.0,418.0,1280,604
2026-06-06_15-41-59-639304,1780753317.3012683,left,/camera_left/image_raw,camera_left_optical_link,/home/rocket/gr4_ws/yolo_detection_logs/left_20260606_154105/images/left_frame_000060_2026-06-06_15-41-59-639304.jpg,,,,,,,,,,
2026-06-06_15-42-00-493463,1780753318.317412,left,/camera_left/image_raw,camera_left_optical_link,/home/rocket/gr4_ws/yolo_detection_logs/left_20260606_154105/images/left_frame_000061_2026-06-06_15-42-00-493463.jpg,,,,,,,,,,
2026-06-06_15-42-01-441229,1780753319.077421,left,/camera_left/image_raw,camera_left_optical_link,/home/rocket/gr4_ws/yolo_detection_logs/left_20260606_154105/images/left_frame_000062_2026-06-06_15-42-01-441229.jpg,,,,,,,,,,
2026-06-06_15-42-02-405504,1780753320.0773976,left,/camera_left/image_raw,camera_left_optical_link,/home/rocket/gr4_ws/yolo_detection_logs/left_20260606_154105/images/left_frame_000063_2026-06-06_15-42-02-405504.jpg,,,,,,,,,,
2026-06-06_15-42-03-203275,1780753321.0468059,left,/camera_left/image_raw,camera_left_optical_link,/home/rocket/gr4_ws/yolo_detection_logs/left_20260606_154105/images/left_frame_000064_2026-06-06_15-42-03-203275.jpg,,,,,,,,,,
2026-06-06_15-42-03-964278,1780753321.7969534,left,/camera_left/image_raw,camera_left_optical_link,/home/rocket/gr4_ws/yolo_detection_logs/left_20260606_154105/images/left_frame_000065_2026-06-06_15-42-03-964278.jpg,,,,,,,,,,
2026-06-06_15-42-04-990340,1780753322.5297875,left,/camera_left/image_raw,camera_left_optical_link,/home/rocket/gr4_ws/yolo_detection_logs/left_20260606_154105/images/left_frame_000066_2026-06-06_15-42-04-990340.jpg,,,,,,,,,,
2026-06-06_15-42-06-437486,1780753323.7658844,left,/camera_left/image_raw,camera_left_optical_link,/home/rocket/gr4_ws/yolo_detection_logs/left_20260606_154105/images/left_frame_000067_2026-06-06_15-42-06-437486.jpg,,,,,,,,,,
2026-06-06_15-42-07-413230,1780753324.994729,left,/camera_left/image_raw,camera_left_optical_link,/home/rocket/gr4_ws/yolo_detection_logs/left_20260606_154105/images/left_frame_000068_2026-06-06_15-42-07-413230.jpg,,,,,,,,,,
2026-06-06_15-42-08-385772,1780753326.0386546,left,/camera_left/image_raw,camera_left_optical_link,/home/rocket/gr4_ws/yolo_detection_logs/left_20260606_154105/images/left_frame_000069_2026-06-06_15-42-08-385772.jpg,,,,,,,,,,
2026-06-06_15-42-09-294992,1780753327.0826797,left,/camera_left/image_raw,camera_left_optical_link,/home/rocket/gr4_ws/yolo_detection_logs/left_20260606_154105/images/left_frame_000070_2026-06-06_15-42-09-294992.jpg,,,,,,,,,,
2026-06-06_15-42-10-129393,1780753327.879451,left,/camera_left/image_raw,camera_left_optical_link,/home/rocket/gr4_ws/yolo_detection_logs/left_20260606_154105/images/left_frame_000071_2026-06-06_15-42-10-129393.jpg,,,,,,,,,,
2026-06-06_15-42-11-100085,1780753328.892652,left,/camera_left/image_raw,camera_left_optical_link,/home/rocket/gr4_ws/yolo_detection_logs/left_20260606_154105/images/left_frame_000072_2026-06-06_15-42-11-100085.jpg,laundry_trolley,0.10655158758163452,0,114,1280,720,640.0,417.0,1280,606
2026-06-06_15-42-12-553228,1780753329.8881416,left,/camera_left/image_raw,camera_left_optical_link,/home/rocket/gr4_ws/yolo_detection_logs/left_20260606_154105/images/left_frame_000073_2026-06-06_15-42-12-553228.jpg,,,,,,,,,,
2026-06-06_15-42-13-724326,1780753331.1083255,left,/camera_left/image_raw,camera_left_optical_link,/home/rocket/gr4_ws/yolo_detection_logs/left_20260606_154105/images/left_frame_000074_2026-06-06_15-42-13-724326.jpg,laundry_trolley,0.10807665437459946,0,92,1280,720,640.0,406.0,1280,628
2026-06-06_15-42-14-700656,1780753332.4394722,left,/camera_left/image_raw,camera_left_optical_link,/home/rocket/gr4_ws/yolo_detection_logs/left_20260606_154105/images/left_frame_000075_2026-06-06_15-42-14-700656.jpg,,,,,,,,,,
2026-06-06_15-42-16-024886,1780753333.48459,left,/camera_left/image_raw,camera_left_optical_link,/home/rocket/gr4_ws/yolo_detection_logs/left_20260606_154105/images/left_frame_000076_2026-06-06_15-42-16-024886.jpg,,,,,,,,,,
2026-06-06_15-42-17-401681,1780753334.7179625,left,/camera_left/image_raw,camera_left_optical_link,/home/rocket/gr4_ws/yolo_detection_logs/left_20260606_154105/images/left_frame_000077_2026-06-06_15-42-17-401681.jpg,,,,,,,,,,
2026-06-06_15-42-18-270131,1780753336.0332594,left,/camera_left/image_raw,camera_left_optical_link,/home/rocket/gr4_ws/yolo_detection_logs/left_20260606_154105/images/left_frame_000078_2026-06-06_15-42-18-270131.jpg,,,,,,,,,,
2026-06-06_15-42-19-212506,1780753337.0498047,left,/camera_left/image_raw,camera_left_optical_link,/home/rocket/gr4_ws/yolo_detection_logs/left_20260606_154105/images/left_frame_000079_2026-06-06_15-42-19-212506.jpg,,,,,,,,,,
2026-06-06_15-42-20-047624,1780753337.808486,left,/camera_left/image_raw,camera_left_optical_link,/home/rocket/gr4_ws/yolo_detection_logs/left_20260606_154105/images/left_frame_000080_2026-06-06_15-42-20-047624.jpg,,,,,,,,,,
2026-06-06_15-42-20-840673,1780753338.8012974,left,/camera_left/image_raw,camera_left_optical_link,/home/rocket/gr4_ws/yolo_detection_logs/left_20260606_154105/images/left_frame_000081_2026-06-06_15-42-20-840673.jpg,,,,,,,,,,
2026-06-06_15-42-22-227309,1780753339.5270946,left,/camera_left/image_raw,camera_left_optical_link,/home/rocket/gr4_ws/yolo_detection_logs/left_20260606_154105/images/left_frame_000082_2026-06-06_15-42-22-227309.jpg,,,,,,,,,,
2026-06-06_15-42-23-511851,1780753340.736622,left,/camera_left/image_raw,camera_left_optical_link,/home/rocket/gr4_ws/yolo_detection_logs/left_20260606_154105/images/left_frame_000083_2026-06-06_15-42-23-511851.jpg,,,,,,,,,,
2026-06-06_15-42-24-516078,1780753342.0894449,left,/camera_left/image_raw,camera_left_optical_link,/home/rocket/gr4_ws/yolo_detection_logs/left_20260606_154105/images/left_frame_000084_2026-06-06_15-42-24-516078.jpg,,,,,,,,,,
2026-06-06_15-42-25-430782,1780753343.1666965,left,/camera_left/image_raw,camera_left_optical_link,/home/rocket/gr4_ws/yolo_detection_logs/left_20260606_154105/images/left_frame_000085_2026-06-06_15-42-25-430782.jpg,,,,,,,,,,
2026-06-06_15-42-26-380623,1780753343.9739082,left,/camera_left/image_raw,camera_left_optical_link,/home/rocket/gr4_ws/yolo_detection_logs/left_20260606_154105/images/left_frame_000086_2026-06-06_15-42-26-380623.jpg,,,,,,,,,,
2026-06-06_15-42-27-189456,1780753345.021086,left,/camera_left/image_raw,camera_left_optical_link,/home/rocket/gr4_ws/yolo_detection_logs/left_20260606_154105/images/left_frame_000087_2026-06-06_15-42-27-189456.jpg,,,,,,,,,,
2026-06-06_15-42-28-021758,1780753345.7855148,left,/camera_left/image_raw,camera_left_optical_link,/home/rocket/gr4_ws/yolo_detection_logs/left_20260606_154105/images/left_frame_000088_2026-06-06_15-42-28-021758.jpg,,,,,,,,,,
2026-06-06_15-42-28-912993,1780753346.7479136,left,/camera_left/image_raw,camera_left_optical_link,/home/rocket/gr4_ws/yolo_detection_logs/left_20260606_154105/images/left_frame_000089_2026-06-06_15-42-28-912993.jpg,,,,,,,,,,
2026-06-06_15-42-29-894803,1780753347.726116,left,/camera_left/image_raw,camera_left_optical_link,/home/rocket/gr4_ws/yolo_detection_logs/left_20260606_154105/images/left_frame_000090_2026-06-06_15-42-29-894803.jpg,,,,,,,,,,
2026-06-06_15-42-30-782381,1780753348.4489284,left,/camera_left/image_raw,camera_left_optical_link,/home/rocket/gr4_ws/yolo_detection_logs/left_20260606_154105/images/left_frame_000091_2026-06-06_15-42-30-782381.jpg,,,,,,,,,,
2026-06-06_15-42-31-701228,1780753349.4415324,left,/camera_left/image_raw,camera_left_optical_link,/home/rocket/gr4_ws/yolo_detection_logs/left_20260606_154105/images/left_frame_000092_2026-06-06_15-42-31-701228.jpg,,,,,,,,,,
2026-06-06_15-42-32-556205,1780753350.4401894,left,/camera_left/image_raw,camera_left_optical_link,/home/rocket/gr4_ws/yolo_detection_logs/left_20260606_154105/images/left_frame_000093_2026-06-06_15-42-32-556205.jpg,,,,,,,,,,
2026-06-06_15-42-33-386169,1780753351.1951652,left,/camera_left/image_raw,camera_left_optical_link,/home/rocket/gr4_ws/yolo_detection_logs/left_20260606_154105/images/left_frame_000094_2026-06-06_15-42-33-386169.jpg,,,,,,,,,,
2026-06-06_15-42-34-282390,1780753351.957331,left,/camera_left/image_raw,camera_left_optical_link,/home/rocket/gr4_ws/yolo_detection_logs/left_20260606_154105/images/left_frame_000095_2026-06-06_15-42-34-282390.jpg,,,,,,,,,,
2026-06-06_15-42-35-095318,1780753352.956833,left,/camera_left/image_raw,camera_left_optical_link,/home/rocket/gr4_ws/yolo_detection_logs/left_20260606_154105/images/left_frame_000096_2026-06-06_15-42-35-095318.jpg,,,,,,,,,,
2026-06-06_15-42-35-911215,1780753353.7199345,left,/camera_left/image_raw,camera_left_optical_link,/home/rocket/gr4_ws/yolo_detection_logs/left_20260606_154105/images/left_frame_000097_2026-06-06_15-42-35-911215.jpg,,,,,,,,,,
2026-06-06_15-42-36-734249,1780753354.7040782,left,/camera_left/image_raw,camera_left_optical_link,/home/rocket/gr4_ws/yolo_detection_logs/left_20260606_154105/images/left_frame_000098_2026-06-06_15-42-36-734249.jpg,,,,,,,,,,
2026-06-06_15-42-37-695204,1780753355.4396784,left,/camera_left/image_raw,camera_left_optical_link,/home/rocket/gr4_ws/yolo_detection_logs/left_20260606_154105/images/left_frame_000099_2026-06-06_15-42-37-695204.jpg,,,,,,,,,,
2026-06-06_15-42-38-572213,1780753356.41194,left,/camera_left/image_raw,camera_left_optical_link,/home/rocket/gr4_ws/yolo_detection_logs/left_20260606_154105/images/left_frame_000100_2026-06-06_15-42-38-572213.jpg,,,,,,,,,,
2026-06-06_15-42-39-525548,1780753357.1446426,left,/camera_left/image_raw,camera_left_optical_link,/home/rocket/gr4_ws/yolo_detection_logs/left_20260606_154105/images/left_frame_000101_2026-06-06_15-42-39-525548.jpg,,,,,,,,,,
2026-06-06_15-42-40-441778,1780753358.153828,left,/camera_left/image_raw,camera_left_optical_link,/home/rocket/gr4_ws/yolo_detection_logs/left_20260606_154105/images/left_frame_000102_2026-06-06_15-42-40-441778.jpg,,,,,,,,,,
2026-06-06_15-42-41-315734,1780753359.145676,left,/camera_left/image_raw,camera_left_optical_link,/home/rocket/gr4_ws/yolo_detection_logs/left_20260606_154105/images/left_frame_000103_2026-06-06_15-42-41-315734.jpg,,,,,,,,,,
2026-06-06_15-42-42-273110,1780753359.8981912,left,/camera_left/image_raw,camera_left_optical_link,/home/rocket/gr4_ws/yolo_detection_logs/left_20260606_154105/images/left_frame_000104_2026-06-06_15-42-42-273110.jpg,,,,,,,,,,
2026-06-06_15-42-43-070432,1780753360.8980181,left,/camera_left/image_raw,camera_left_optical_link,/home/rocket/gr4_ws/yolo_detection_logs/left_20260606_154105/images/left_frame_000105_2026-06-06_15-42-43-070432.jpg,,,,,,,,,,
2026-06-06_15-42-43-900684,1780753361.6480951,left,/camera_left/image_raw,camera_left_optical_link,/home/rocket/gr4_ws/yolo_detection_logs/left_20260606_154105/images/left_frame_000106_2026-06-06_15-42-43-900684.jpg,,,,,,,,,,
2026-06-06_15-42-44-748213,1780753362.6225054,left,/camera_left/image_raw,camera_left_optical_link,/home/rocket/gr4_ws/yolo_detection_logs/left_20260606_154105/images/left_frame_000107_2026-06-06_15-42-44-748213.jpg,,,,,,,,,,
2026-06-06_15-42-45-658720,1780753363.3676798,left,/camera_left/image_raw,camera_left_optical_link,/home/rocket/gr4_ws/yolo_detection_logs/left_20260606_154105/images/left_frame_000108_2026-06-06_15-42-45-658720.jpg,,,,,,,,,,
2026-06-06_15-42-46-630890,1780753364.3502295,left,/camera_left/image_raw,camera_left_optical_link,/home/rocket/gr4_ws/yolo_detection_logs/left_20260606_154105/images/left_frame_000109_2026-06-06_15-42-46-630890.jpg,,,,,,,,,,
2026-06-06_15-42-47-516602,1780753365.3522549,left,/camera_left/image_raw,camera_left_optical_link,/home/rocket/gr4_ws/yolo_detection_logs/left_20260606_154105/images/left_frame_000110_2026-06-06_15-42-47-516602.jpg,,,,,,,,,,
2026-06-06_15-42-48-462761,1780753366.0898647,left,/camera_left/image_raw,camera_left_optical_link,/home/rocket/gr4_ws/yolo_detection_logs/left_20260606_154105/images/left_frame_000111_2026-06-06_15-42-48-462761.jpg,,,,,,,,,,
2026-06-06_15-42-49-374411,1780753367.1033344,left,/camera_left/image_raw,camera_left_optical_link,/home/rocket/gr4_ws/yolo_detection_logs/left_20260606_154105/images/left_frame_000112_2026-06-06_15-42-49-374411.jpg,laundry_trolley,0.27625682950019836,22,173,1280,720,651.0,446.5,1258,547
2026-06-06_15-42-50-282031,1780753368.099538,left,/camera_left/image_raw,camera_left_optical_link,/home/rocket/gr4_ws/yolo_detection_logs/left_20260606_154105/images/left_frame_000113_2026-06-06_15-42-50-282031.jpg,,,,,,,,,,
2026-06-06_15-42-51-140564,1780753368.8245673,left,/camera_left/image_raw,camera_left_optical_link,/home/rocket/gr4_ws/yolo_detection_logs/left_20260606_154105/images/left_frame_000114_2026-06-06_15-42-51-140564.jpg,,,,,,,,,,
2026-06-06_15-42-51-995465,1780753369.8738532,left,/camera_left/image_raw,camera_left_optical_link,/home/rocket/gr4_ws/yolo_detection_logs/left_20260606_154105/images/left_frame_000115_2026-06-06_15-42-51-995465.jpg,,,,,,,,,,
2026-06-06_15-42-52-773954,1780753370.602296,left,/camera_left/image_raw,camera_left_optical_link,/home/rocket/gr4_ws/yolo_detection_logs/left_20260606_154105/images/left_frame_000116_2026-06-06_15-42-52-773954.jpg,,,,,,,,,,
2026-06-06_15-42-53-717040,1780753371.3546035,left,/camera_left/image_raw,camera_left_optical_link,/home/rocket/gr4_ws/yolo_detection_logs/left_20260606_154105/images/left_frame_000117_2026-06-06_15-42-53-717040.jpg,,,,,,,,,,
2026-06-06_15-42-54-628864,1780753372.3209682,left,/camera_left/image_raw,camera_left_optical_link,/home/rocket/gr4_ws/yolo_detection_logs/left_20260606_154105/images/left_frame_000118_2026-06-06_15-42-54-628864.jpg,,,,,,,,,,
2026-06-06_15-42-55-498087,1780753373.3188267,left,/camera_left/image_raw,camera_left_optical_link,/home/rocket/gr4_ws/yolo_detection_logs/left_20260606_154105/images/left_frame_000119_2026-06-06_15-42-55-498087.jpg,,,,,,,,,,
2026-06-06_15-42-56-438064,1780753374.0773344,left,/camera_left/image_raw,camera_left_optical_link,/home/rocket/gr4_ws/yolo_detection_logs/left_20260606_154105/images/left_frame_000120_2026-06-06_15-42-56-438064.jpg,,,,,,,,,,
2026-06-06_15-42-57-243845,1780753375.0502868,left,/camera_left/image_raw,camera_left_optical_link,/home/rocket/gr4_ws/yolo_detection_logs/left_20260606_154105/images/left_frame_000121_2026-06-06_15-42-57-243845.jpg,,,,,,,,,,
2026-06-06_15-42-58-119643,1780753375.8048804,left,/camera_left/image_raw,camera_left_optical_link,/home/rocket/gr4_ws/yolo_detection_logs/left_20260606_154105/images/left_frame_000122_2026-06-06_15-42-58-119643.jpg,,,,,,,,,,
2026-06-06_15-42-58-932530,1780753376.7776933,left,/camera_left/image_raw,camera_left_optical_link,/home/rocket/gr4_ws/yolo_detection_logs/left_20260606_154105/images/left_frame_000123_2026-06-06_15-42-58-932530.jpg,,,,,,,,,,
2026-06-06_15-42-59-716624,1780753377.5321069,left,/camera_left/image_raw,camera_left_optical_link,/home/rocket/gr4_ws/yolo_detection_logs/left_20260606_154105/images/left_frame_000124_2026-06-06_15-42-59-716624.jpg,,,,,,,,,,
2026-06-06_15-43-00-594396,1780753378.4908648,left,/camera_left/image_raw,camera_left_optical_link,/home/rocket/gr4_ws/yolo_detection_logs/left_20260606_154105/images/left_frame_000125_2026-06-06_15-43-00-594396.jpg,,,,,,,,,,
2026-06-06_15-43-01-558173,1780753379.2211626,left,/camera_left/image_raw,camera_left_optical_link,/home/rocket/gr4_ws/yolo_detection_logs/left_20260606_154105/images/left_frame_000126_2026-06-06_15-43-01-558173.jpg,,,,,,,,,,
2026-06-06_15-43-02-438224,1780753380.2044144,left,/camera_left/image_raw,camera_left_optical_link,/home/rocket/gr4_ws/yolo_detection_logs/left_20260606_154105/images/left_frame_000127_2026-06-06_15-43-02-438224.jpg,,,,,,,,,,
2026-06-06_15-43-03-291194,1780753380.9406917,left,/camera_left/image_raw,camera_left_optical_link,/home/rocket/gr4_ws/yolo_detection_logs/left_20260606_154105/images/left_frame_000128_2026-06-06_15-43-03-291194.jpg,,,,,,,,,,
2026-06-06_15-43-04-220840,1780753381.957296,left,/camera_left/image_raw,camera_left_optical_link,/home/rocket/gr4_ws/yolo_detection_logs/left_20260606_154105/images/left_frame_000129_2026-06-06_15-43-04-220840.jpg,,,,,,,,,,
2026-06-06_15-43-05-145084,1780753382.9637442,left,/camera_left/image_raw,camera_left_optical_link,/home/rocket/gr4_ws/yolo_detection_logs/left_20260606_154105/images/left_frame_000130_2026-06-06_15-43-05-145084.jpg,,,,,,,,,,
2026-06-06_15-43-06-036099,1780753383.7131145,left,/camera_left/image_raw,camera_left_optical_link,/home/rocket/gr4_ws/yolo_detection_logs/left_20260606_154105/images/left_frame_000131_2026-06-06_15-43-06-036099.jpg,,,,,,,,,,
2026-06-06_15-43-06-875128,1780753384.6968648,left,/camera_left/image_raw,camera_left_optical_link,/home/rocket/gr4_ws/yolo_detection_logs/left_20260606_154105/images/left_frame_000132_2026-06-06_15-43-06-875128.jpg,,,,,,,,,,
2026-06-06_15-43-07-720074,1780753385.4388268,left,/camera_left/image_raw,camera_left_optical_link,/home/rocket/gr4_ws/yolo_detection_logs/left_20260606_154105/images/left_frame_000133_2026-06-06_15-43-07-720074.jpg,,,,,,,,,,
2026-06-06_15-43-08-627693,1780753386.447194,left,/camera_left/image_raw,camera_left_optical_link,/home/rocket/gr4_ws/yolo_detection_logs/left_20260606_154105/images/left_frame_000134_2026-06-06_15-43-08-627693.jpg,,,,,,,,,,
2026-06-06_15-43-09-909079,1780753387.4324691,left,/camera_left/image_raw,camera_left_optical_link,/home/rocket/gr4_ws/yolo_detection_logs/left_20260606_154105/images/left_frame_000135_2026-06-06_15-43-09-909079.jpg,,,,,,,,,,
2026-06-06_15-43-11-052718,1780753388.414766,left,/camera_left/image_raw,camera_left_optical_link,/home/rocket/gr4_ws/yolo_detection_logs/left_20260606_154105/images/left_frame_000136_2026-06-06_15-43-11-052718.jpg,,,,,,,,,,
2026-06-06_15-43-12-088512,1780753389.7213721,left,/camera_left/image_raw,camera_left_optical_link,/home/rocket/gr4_ws/yolo_detection_logs/left_20260606_154105/images/left_frame_000137_2026-06-06_15-43-12-088512.jpg,,,,,,,,,,
2026-06-06_15-43-13-064632,1780753390.733775,left,/camera_left/image_raw,camera_left_optical_link,/home/rocket/gr4_ws/yolo_detection_logs/left_20260606_154105/images/left_frame_000138_2026-06-06_15-43-13-064632.jpg,,,,,,,,,,
2026-06-06_15-43-13-926535,1780753391.7295341,left,/camera_left/image_raw,camera_left_optical_link,/home/rocket/gr4_ws/yolo_detection_logs/left_20260606_154105/images/left_frame_000139_2026-06-06_15-43-13-926535.jpg,,,,,,,,,,
2026-06-06_15-43-14-823499,1780753392.4910297,left,/camera_left/image_raw,camera_left_optical_link,/home/rocket/gr4_ws/yolo_detection_logs/left_20260606_154105/images/left_frame_000140_2026-06-06_15-43-14-823499.jpg,,,,,,,,,,
2026-06-06_15-43-15-657999,1780753393.4973607,left,/camera_left/image_raw,camera_left_optical_link,/home/rocket/gr4_ws/yolo_detection_logs/left_20260606_154105/images/left_frame_000141_2026-06-06_15-43-15-657999.jpg,,,,,,,,,,
2026-06-06_15-43-16-527200,1780753394.2508297,left,/camera_left/image_raw,camera_left_optical_link,/home/rocket/gr4_ws/yolo_detection_logs/left_20260606_154105/images/left_frame_000142_2026-06-06_15-43-16-527200.jpg,,,,,,,,,,
2026-06-06_15-43-17-387088,1780753395.2387695,left,/camera_left/image_raw,camera_left_optical_link,/home/rocket/gr4_ws/yolo_detection_logs/left_20260606_154105/images/left_frame_000143_2026-06-06_15-43-17-387088.jpg,,,,,,,,,,
2026-06-06_15-43-18-308908,1780753395.982167,left,/camera_left/image_raw,camera_left_optical_link,/home/rocket/gr4_ws/yolo_detection_logs/left_20260606_154105/images/left_frame_000144_2026-06-06_15-43-18-308908.jpg,,,,,,,,,,
2026-06-06_15-43-19-169354,1780753396.9715557,left,/camera_left/image_raw,camera_left_optical_link,/home/rocket/gr4_ws/yolo_detection_logs/left_20260606_154105/images/left_frame_000145_2026-06-06_15-43-19-169354.jpg,,,,,,,,,,
2026-06-06_15-43-20-121721,1780753397.7392023,left,/camera_left/image_raw,camera_left_optical_link,/home/rocket/gr4_ws/yolo_detection_logs/left_20260606_154105/images/left_frame_000146_2026-06-06_15-43-20-121721.jpg,,,,,,,,,,
2026-06-06_15-43-20-924123,1780753398.749854,left,/camera_left/image_raw,camera_left_optical_link,/home/rocket/gr4_ws/yolo_detection_logs/left_20260606_154105/images/left_frame_000147_2026-06-06_15-43-20-924123.jpg,,,,,,,,,,
2026-06-06_15-43-21-855311,1780753399.5107143,left,/camera_left/image_raw,camera_left_optical_link,/home/rocket/gr4_ws/yolo_detection_logs/left_20260606_154105/images/left_frame_000148_2026-06-06_15-43-21-855311.jpg,,,,,,,,,,
2026-06-06_15-43-22-697736,1780753400.484638,left,/camera_left/image_raw,camera_left_optical_link,/home/rocket/gr4_ws/yolo_detection_logs/left_20260606_154105/images/left_frame_000149_2026-06-06_15-43-22-697736.jpg,,,,,,,,,,
2026-06-06_15-43-23-516759,1780753401.2218819,left,/camera_left/image_raw,camera_left_optical_link,/home/rocket/gr4_ws/yolo_detection_logs/left_20260606_154105/images/left_frame_000150_2026-06-06_15-43-23-516759.jpg,,,,,,,,,,
2026-06-06_15-43-24-337718,1780753402.2376285,left,/camera_left/image_raw,camera_left_optical_link,/home/rocket/gr4_ws/yolo_detection_logs/left_20260606_154105/images/left_frame_000151_2026-06-06_15-43-24-337718.jpg,,,,,,,,,,
2026-06-06_15-43-25-141908,1780753402.9612725,left,/camera_left/image_raw,camera_left_optical_link,/home/rocket/gr4_ws/yolo_detection_logs/left_20260606_154105/images/left_frame_000152_2026-06-06_15-43-25-141908.jpg,,,,,,,,,,
2026-06-06_15-43-26-088141,1780753403.9412153,left,/camera_left/image_raw,camera_left_optical_link,/home/rocket/gr4_ws/yolo_detection_logs/left_20260606_154105/images/left_frame_000153_2026-06-06_15-43-26-088141.jpg,,,,,,,,,,
2026-06-06_15-43-26-955378,1780753404.672146,left,/camera_left/image_raw,camera_left_optical_link,/home/rocket/gr4_ws/yolo_detection_logs/left_20260606_154105/images/left_frame_000154_2026-06-06_15-43-26-955378.jpg,,,,,,,,,,
2026-06-06_15-43-27-844867,1780753405.6560352,left,/camera_left/image_raw,camera_left_optical_link,/home/rocket/gr4_ws/yolo_detection_logs/left_20260606_154105/images/left_frame_000155_2026-06-06_15-43-27-844867.jpg,,,,,,,,,,
2026-06-06_15-43-28-708946,1780753406.391921,left,/camera_left/image_raw,camera_left_optical_link,/home/rocket/gr4_ws/yolo_detection_logs/left_20260606_154105/images/left_frame_000156_2026-06-06_15-43-28-708946.jpg,,,,,,,,,,
2026-06-06_15-43-29-579748,1780753407.378048,left,/camera_left/image_raw,camera_left_optical_link,/home/rocket/gr4_ws/yolo_detection_logs/left_20260606_154105/images/left_frame_000157_2026-06-06_15-43-29-579748.jpg,,,,,,,,,,
2026-06-06_15-43-30-495131,1780753408.1380014,left,/camera_left/image_raw,camera_left_optical_link,/home/rocket/gr4_ws/yolo_detection_logs/left_20260606_154105/images/left_frame_000158_2026-06-06_15-43-30-495131.jpg,,,,,,,,,,
2026-06-06_15-43-31-295809,1780753409.152432,left,/camera_left/image_raw,camera_left_optical_link,/home/rocket/gr4_ws/yolo_detection_logs/left_20260606_154105/images/left_frame_000159_2026-06-06_15-43-31-295809.jpg,,,,,,,,,,
2026-06-06_15-43-32-101732,1780753409.919107,left,/camera_left/image_raw,camera_left_optical_link,/home/rocket/gr4_ws/yolo_detection_logs/left_20260606_154105/images/left_frame_000160_2026-06-06_15-43-32-101732.jpg,,,,,,,,,,
2026-06-06_15-43-32-933354,1780753410.9042857,left,/camera_left/image_raw,camera_left_optical_link,/home/rocket/gr4_ws/yolo_detection_logs/left_20260606_154105/images/left_frame_000161_2026-06-06_15-43-32-933354.jpg,,,,,,,,,,
2026-06-06_15-43-33-809921,1780753411.627255,left,/camera_left/image_raw,camera_left_optical_link,/home/rocket/gr4_ws/yolo_detection_logs/left_20260606_154105/images/left_frame_000162_2026-06-06_15-43-33-809921.jpg,,,,,,,,,,
2026-06-06_15-43-34-766242,1780753412.3633375,left,/camera_left/image_raw,camera_left_optical_link,/home/rocket/gr4_ws/yolo_detection_logs/left_20260606_154105/images/left_frame_000163_2026-06-06_15-43-34-766242.jpg,,,,,,,,,,
2026-06-06_15-43-35-672350,1780753413.3596647,left,/camera_left/image_raw,camera_left_optical_link,/home/rocket/gr4_ws/yolo_detection_logs/left_20260606_154105/images/left_frame_000164_2026-06-06_15-43-35-672350.jpg,,,,,,,,,,
2026-06-06_15-43-36-666885,1780753414.3418703,left,/camera_left/image_raw,camera_left_optical_link,/home/rocket/gr4_ws/yolo_detection_logs/left_20260606_154105/images/left_frame_000165_2026-06-06_15-43-36-666885.jpg,,,,,,,,,,
2026-06-06_15-43-37-560177,1780753415.340041,left,/camera_left/image_raw,camera_left_optical_link,/home/rocket/gr4_ws/yolo_detection_logs/left_20260606_154105/images/left_frame_000166_2026-06-06_15-43-37-560177.jpg,,,,,,,,,,
2026-06-06_15-43-38-390496,1780753416.357129,left,/camera_left/image_raw,camera_left_optical_link,/home/rocket/gr4_ws/yolo_detection_logs/left_20260606_154105/images/left_frame_000167_2026-06-06_15-43-38-390496.jpg,,,,,,,,,,
2026-06-06_15-43-39-232744,1780753417.0863557,left,/camera_left/image_raw,camera_left_optical_link,/home/rocket/gr4_ws/yolo_detection_logs/left_20260606_154105/images/left_frame_000168_2026-06-06_15-43-39-232744.jpg,,,,,,,,,,
2026-06-06_15-43-40-040859,1780753417.823854,left,/camera_left/image_raw,camera_left_optical_link,/home/rocket/gr4_ws/yolo_detection_logs/left_20260606_154105/images/left_frame_000169_2026-06-06_15-43-40-040859.jpg,,,,,,,,,,
2026-06-06_15-43-40-860241,1780753418.7937407,left,/camera_left/image_raw,camera_left_optical_link,/home/rocket/gr4_ws/yolo_detection_logs/left_20260606_154105/images/left_frame_000170_2026-06-06_15-43-40-860241.jpg,laundry_trolley,0.13962659239768982,0,58,1280,720,640.0,389.0,1280,662
2026-06-06_15-43-41-865674,1780753419.510117,left,/camera_left/image_raw,camera_left_optical_link,/home/rocket/gr4_ws/yolo_detection_logs/left_20260606_154105/images/left_frame_000171_2026-06-06_15-43-41-865674.jpg,,,,,,,,,,
2026-06-06_15-43-42-750968,1780753420.4861832,left,/camera_left/image_raw,camera_left_optical_link,/home/rocket/gr4_ws/yolo_detection_logs/left_20260606_154105/images/left_frame_000172_2026-06-06_15-43-42-750968.jpg,laundry_trolley,0.11771126836538315,0,92,1280,720,640.0,406.0,1280,628
2026-06-06_15-43-43-644024,1780753421.4977381,left,/camera_left/image_raw,camera_left_optical_link,/home/rocket/gr4_ws/yolo_detection_logs/left_20260606_154105/images/left_frame_000173_2026-06-06_15-43-43-644024.jpg,laundry_trolley,0.10697858780622482,0,82,1280,720,640.0,401.0,1280,638
2026-06-06_15-43-44-557099,1780753422.2389646,left,/camera_left/image_raw,camera_left_optical_link,/home/rocket/gr4_ws/yolo_detection_logs/left_20260606_154105/images/left_frame_000174_2026-06-06_15-43-44-557099.jpg,laundry_trolley,0.14773932099342346,0,79,1280,720,640.0,399.5,1280,641
2026-06-06_15-43-45-426681,1780753423.2340062,left,/camera_left/image_raw,camera_left_optical_link,/home/rocket/gr4_ws/yolo_detection_logs/left_20260606_154105/images/left_frame_000175_2026-06-06_15-43-45-426681.jpg,laundry_trolley,0.146156907081604,0,89,1280,720,640.0,404.5,1280,631
2026-06-06_15-43-46-346649,1780753423.9871154,left,/camera_left/image_raw,camera_left_optical_link,/home/rocket/gr4_ws/yolo_detection_logs/left_20260606_154105/images/left_frame_000176_2026-06-06_15-43-46-346649.jpg,laundry_trolley,0.17012399435043335,0,46,1280,720,640.0,383.0,1280,674
2026-06-06_15-43-47-221441,1780753424.9771028,left,/camera_left/image_raw,camera_left_optical_link,/home/rocket/gr4_ws/yolo_detection_logs/left_20260606_154105/images/left_frame_000177_2026-06-06_15-43-47-221441.jpg,laundry_trolley,0.17441034317016602,0,72,1280,720,640.0,396.0,1280,648
2026-06-06_15-43-48-062086,1780753425.9736867,left,/camera_left/image_raw,camera_left_optical_link,/home/rocket/gr4_ws/yolo_detection_logs/left_20260606_154105/images/left_frame_000178_2026-06-06_15-43-48-062086.jpg,laundry_trolley,0.1770840436220169,0,71,1280,720,640.0,395.5,1280,649
2026-06-06_15-43-48-874149,1780753426.7141156,left,/camera_left/image_raw,camera_left_optical_link,/home/rocket/gr4_ws/yolo_detection_logs/left_20260606_154105/images/left_frame_000179_2026-06-06_15-43-48-874149.jpg,laundry_trolley,0.13525402545928955,0,66,1280,720,640.0,393.0,1280,654
2026-06-06_15-43-49-831177,1780753427.4491522,left,/camera_left/image_raw,camera_left_optical_link,/home/rocket/gr4_ws/yolo_detection_logs/left_20260606_154105/images/left_frame_000180_2026-06-06_15-43-49-831177.jpg,laundry_trolley,0.1284051537513733,0,71,1280,720,640.0,395.5,1280,649
2026-06-06_15-43-50-737184,1780753428.4200609,left,/camera_left/image_raw,camera_left_optical_link,/home/rocket/gr4_ws/yolo_detection_logs/left_20260606_154105/images/left_frame_000181_2026-06-06_15-43-50-737184.jpg,laundry_trolley,0.16140450537204742,0,58,1280,720,640.0,389.0,1280,662
2026-06-06_15-43-51-671348,1780753429.444531,left,/camera_left/image_raw,camera_left_optical_link,/home/rocket/gr4_ws/yolo_detection_logs/left_20260606_154105/images/left_frame_000182_2026-06-06_15-43-51-671348.jpg,laundry_trolley,0.19331693649291992,0,50,1280,720,640.0,385.0,1280,670
2026-06-06_15-43-52-598895,1780753430.223613,left,/camera_left/image_raw,camera_left_optical_link,/home/rocket/gr4_ws/yolo_detection_logs/left_20260606_154105/images/left_frame_000183_2026-06-06_15-43-52-598895.jpg,laundry_trolley,0.1657847911119461,0,76,1280,720,640.0,398.0,1280,644
2026-06-06_15-43-53-516739,1780753431.2207386,left,/camera_left/image_raw,camera_left_optical_link,/home/rocket/gr4_ws/yolo_detection_logs/left_20260606_154105/images/left_frame_000184_2026-06-06_15-43-53-516739.jpg,,,,,,,,,,
2026-06-06_15-43-54-371239,1780753432.2013767,left,/camera_left/image_raw,camera_left_optical_link,/home/rocket/gr4_ws/yolo_detection_logs/left_20260606_154105/images/left_frame_000185_2026-06-06_15-43-54-371239.jpg,laundry_trolley,0.11612927168607712,0,56,1280,720,640.0,388.0,1280,664
2026-06-06_15-43-55-215726,1780753432.9609725,left,/camera_left/image_raw,camera_left_optical_link,/home/rocket/gr4_ws/yolo_detection_logs/left_20260606_154105/images/left_frame_000186_2026-06-06_15-43-55-215726.jpg,laundry_trolley,0.13279609382152557,0,65,1280,720,640.0,392.5,1280,655
2026-06-06_15-43-56-063449,1780753433.9493804,left,/camera_left/image_raw,camera_left_optical_link,/home/rocket/gr4_ws/yolo_detection_logs/left_20260606_154105/images/left_frame_000187_2026-06-06_15-43-56-063449.jpg,laundry_trolley,0.13702474534511566,0,66,1280,720,640.0,393.0,1280,654
2026-06-06_15-43-56-843868,1780753434.683079,left,/camera_left/image_raw,camera_left_optical_link,/home/rocket/gr4_ws/yolo_detection_logs/left_20260606_154105/images/left_frame_000188_2026-06-06_15-43-56-843868.jpg,laundry_trolley,0.16618238389492035,0,69,1280,720,640.0,394.5,1280,651
2026-06-06_15-43-57-700891,1780753435.6512108,left,/camera_left/image_raw,camera_left_optical_link,/home/rocket/gr4_ws/yolo_detection_logs/left_20260606_154105/images/left_frame_000189_2026-06-06_15-43-57-700891.jpg,laundry_trolley,0.14141111075878143,0,72,1280,720,640.0,396.0,1280,648
2026-06-06_15-43-58-595436,1780753436.3673215,left,/camera_left/image_raw,camera_left_optical_link,/home/rocket/gr4_ws/yolo_detection_logs/left_20260606_154105/images/left_frame_000190_2026-06-06_15-43-58-595436.jpg,laundry_trolley,0.13175399601459503,0,50,1280,720,640.0,385.0,1280,670
2026-06-06_15-43-59-496780,1780753437.1197393,left,/camera_left/image_raw,camera_left_optical_link,/home/rocket/gr4_ws/yolo_detection_logs/left_20260606_154105/images/left_frame_000191_2026-06-06_15-43-59-496780.jpg,laundry_trolley,0.1101364716887474,0,76,1280,720,640.0,398.0,1280,644
2026-06-06_15-44-00-439459,1780753438.1374745,left,/camera_left/image_raw,camera_left_optical_link,/home/rocket/gr4_ws/yolo_detection_logs/left_20260606_154105/images/left_frame_000192_2026-06-06_15-44-00-439459.jpg,laundry_trolley,0.12121342122554779,0,56,1280,720,640.0,388.0,1280,664
2026-06-06_15-44-01-359371,1780753439.137873,left,/camera_left/image_raw,camera_left_optical_link,/home/rocket/gr4_ws/yolo_detection_logs/left_20260606_154105/images/left_frame_000193_2026-06-06_15-44-01-359371.jpg,,,,,,,,,,
2026-06-06_15-44-02-247454,1780753440.154873,left,/camera_left/image_raw,camera_left_optical_link,/home/rocket/gr4_ws/yolo_detection_logs/left_20260606_154105/images/left_frame_000194_2026-06-06_15-44-02-247454.jpg,laundry_trolley,0.1542549729347229,0,79,1280,720,640.0,399.5,1280,641
2026-06-06_15-44-03-051805,1780753440.8801866,left,/camera_left/image_raw,camera_left_optical_link,/home/rocket/gr4_ws/yolo_detection_logs/left_20260606_154105/images/left_frame_000195_2026-06-06_15-44-03-051805.jpg,laundry_trolley,0.16469016671180725,0,57,1280,720,640.0,388.5,1280,663
2026-06-06_15-44-03-886204,1780753441.6314182,left,/camera_left/image_raw,camera_left_optical_link,/home/rocket/gr4_ws/yolo_detection_logs/left_20260606_154105/images/left_frame_000196_2026-06-06_15-44-03-886204.jpg,,,,,,,,,,
2026-06-06_15-44-04-697908,1780753442.6277807,left,/camera_left/image_raw,camera_left_optical_link,/home/rocket/gr4_ws/yolo_detection_logs/left_20260606_154105/images/left_frame_000197_2026-06-06_15-44-04-697908.jpg,laundry_trolley,0.14234992861747742,0,65,1280,720,640.0,392.5,1280,655
2026-06-06_15-44-05-668113,1780753443.3519647,left,/camera_left/image_raw,camera_left_optical_link,/home/rocket/gr4_ws/yolo_detection_logs/left_20260606_154105/images/left_frame_000198_2026-06-06_15-44-05-668113.jpg,laundry_trolley,0.10649542510509491,0,56,1280,720,640.0,388.0,1280,664
2026-06-06_15-44-06-612468,1780753444.3072507,left,/camera_left/image_raw,camera_left_optical_link,/home/rocket/gr4_ws/yolo_detection_logs/left_20260606_154105/images/left_frame_000199_2026-06-06_15-44-06-612468.jpg,laundry_trolley,0.1199188306927681,0,79,1280,720,640.0,399.5,1280,641
2026-06-06_15-44-07-504897,1780753445.3110745,left,/camera_left/image_raw,camera_left_optical_link,/home/rocket/gr4_ws/yolo_detection_logs/left_20260606_154105/images/left_frame_000200_2026-06-06_15-44-07-504897.jpg,laundry_trolley,0.1020166277885437,0,76,1280,720,640.0,398.0,1280,644
2026-06-06_15-44-08-392865,1780753446.0471156,left,/camera_left/image_raw,camera_left_optical_link,/home/rocket/gr4_ws/yolo_detection_logs/left_20260606_154105/images/left_frame_000201_2026-06-06_15-44-08-392865.jpg,,,,,,,,,,
2026-06-06_15-44-09-235274,1780753447.052985,left,/camera_left/image_raw,camera_left_optical_link,/home/rocket/gr4_ws/yolo_detection_logs/left_20260606_154105/images/left_frame_000202_2026-06-06_15-44-09-235274.jpg,laundry_trolley,0.16481128334999084,0,63,1280,720,640.0,391.5,1280,657
2026-06-06_15-44-10-124421,1780753447.8039129,left,/camera_left/image_raw,camera_left_optical_link,/home/rocket/gr4_ws/yolo_detection_logs/left_20260606_154105/images/left_frame_000203_2026-06-06_15-44-10-124421.jpg,laundry_trolley,0.11723580211400986,0,58,1280,720,640.0,389.0,1280,662
2026-06-06_15-44-10-994780,1780753448.8055828,left,/camera_left/image_raw,camera_left_optical_link,/home/rocket/gr4_ws/yolo_detection_logs/left_20260606_154105/images/left_frame_000204_2026-06-06_15-44-10-994780.jpg,laundry_trolley,0.17239250242710114,0,62,1280,720,640.0,391.0,1280,658
2026-06-06_15-44-11-808682,1780753449.6060693,left,/camera_left/image_raw,camera_left_optical_link,/home/rocket/gr4_ws/yolo_detection_logs/left_20260606_154105/images/left_frame_000205_2026-06-06_15-44-11-808682.jpg,laundry_trolley,0.1442069560289383,0,81,1280,720,640.0,400.5,1280,639
2026-06-06_15-44-12-640515,1780753450.5907972,left,/camera_left/image_raw,camera_left_optical_link,/home/rocket/gr4_ws/yolo_detection_logs/left_20260606_154105/images/left_frame_000206_2026-06-06_15-44-12-640515.jpg,laundry_trolley,0.16197846829891205,0,72,1280,720,640.0,396.0,1280,648
2026-06-06_15-44-13-507343,1780753451.3360233,left,/camera_left/image_raw,camera_left_optical_link,/home/rocket/gr4_ws/yolo_detection_logs/left_20260606_154105/images/left_frame_000207_2026-06-06_15-44-13-507343.jpg,laundry_trolley,0.13109833002090454,0,43,1271,720,635.5,381.5,1271,677
2026-06-06_15-44-14-408057,1780753452.063343,left,/camera_left/image_raw,camera_left_optical_link,/home/rocket/gr4_ws/yolo_detection_logs/left_20260606_154105/images/left_frame_000208_2026-06-06_15-44-14-408057.jpg,laundry_trolley,0.10035305470228195,0,55,1280,720,640.0,387.5,1280,665
2026-06-06_15-44-15-252145,1780753453.0338833,left,/camera_left/image_raw,camera_left_optical_link,/home/rocket/gr4_ws/yolo_detection_logs/left_20260606_154105/images/left_frame_000209_2026-06-06_15-44-15-252145.jpg,laundry_trolley,0.10515537858009338,0,73,1280,720,640.0,396.5,1280,647
2026-06-06_15-44-16-202108,1780753453.7939637,left,/camera_left/image_raw,camera_left_optical_link,/home/rocket/gr4_ws/yolo_detection_logs/left_20260606_154105/images/left_frame_000210_2026-06-06_15-44-16-202108.jpg,laundry_trolley,0.14969269931316376,0,55,1280,720,640.0,387.5,1280,665
2026-06-06_15-44-17-106571,1780753454.8375921,left,/camera_left/image_raw,camera_left_optical_link,/home/rocket/gr4_ws/yolo_detection_logs/left_20260606_154105/images/left_frame_000211_2026-06-06_15-44-17-106571.jpg,laundry_trolley,0.13027739524841309,0,52,1280,720,640.0,386.0,1280,668
2026-06-06_15-44-17-987278,1780753455.592404,left,/camera_left/image_raw,camera_left_optical_link,/home/rocket/gr4_ws/yolo_detection_logs/left_20260606_154105/images/left_frame_000212_2026-06-06_15-44-17-987278.jpg,laundry_trolley,0.15755721926689148,0,69,1280,720,640.0,394.5,1280,651
2026-06-06_15-44-18-817507,1780753456.5872753,left,/camera_left/image_raw,camera_left_optical_link,/home/rocket/gr4_ws/yolo_detection_logs/left_20260606_154105/images/left_frame_000213_2026-06-06_15-44-18-817507.jpg,laundry_trolley,0.13435252010822296,0,66,1280,720,640.0,393.0,1280,654
2026-06-06_15-44-19-667857,1780753457.38307,left,/camera_left/image_raw,camera_left_optical_link,/home/rocket/gr4_ws/yolo_detection_logs/left_20260606_154105/images/left_frame_000214_2026-06-06_15-44-19-667857.jpg,laundry_trolley,0.14266666769981384,0,68,1280,720,640.0,394.0,1280,652
